D3	Administrasi Perkantoran	13	18	14	72.2200	77.7800
D3	Akuntansi	26	37	30	70.2700	81.0800
D3	Hubungan Masyarakat	1	14	6	7.1400	42.8600
D3	Keuangan  Dan  Perbankan	12	16	12	75.0000	75.0000
D3	Manajemen Informatika	11	34	13	32.3500	38.2400
D3	Manajemen Pemasaran	8	14	10	57.1400	71.4300
D3	Perpajakan	26	39	26	66.6700	66.6700
D3	Perpustakaan	5	11	7	45.4500	63.6400
D3	Survey Dan Pemetaan	0	17	0	0.0000	0.0000
D3	Teknik Mesin	5	12	7	41.6700	58.3300
D3	Teknik Sipil	4	17	5	23.5300	29.4100
S1	Agribisnis	52	105	60	49.5200	57.1400
S1	Agronomi	36	85	42	42.3500	49.4100
S1	Agroteknologi	31	81	32	38.2700	39.5100
S1	Akuntansi	65	141	87	46.1000	61.7000
S1	Arsitektur	9	85	40	10.5900	47.0600
S1	Bimbingan Dan Konseling	44	100	56	44.0000	56.0000
S1	Biologi	65	133	95	48.8700	71.4300
S1	Biologi Terapan	26	57	37	45.6100	64.9100
S1	Budidaya Perairan	17	57	27	29.8200	47.3700
S1	Ekonomi Pembangunan	48	127	65	37.8000	51.1800
S1	Farmasi	39	66	52	59.0900	78.7900
S1	Fisika	28	94	63	29.7900	67.0200
S1	Geofisika	15	74	38	20.2700	51.3500
S1	Hubungan Internasional	54	145	72	37.2400	49.6600
S1	Ilmu Administrasi Negara	43	151	83	28.4800	54.9700
S1	Ilmu Administrasi Niaga	96	156	120	61.5400	76.9200
S1	Ilmu Hukum	420	779	552	53.9200	70.8600
S1	Ilmu Kelautan	11	40	13	27.5000	32.5000
S1	Ilmu Komputer	47	111	69	42.3400	62.1600
S1	Ilmu Komunikasi	72	146	96	49.3200	65.7500
S1	Ilmu Pemerintahan	59	125	90	47.2000	72.0000
S1	Ilmu Tanah	18	69	30	26.0900	43.4800
S1	Kehutanan	56	92	69	60.8700	75.0000
S1	Kimia	55	125	102	44.0000	81.6000
S1	Manajemen	78	150	96	52.0000	64.0000
S1	Matematika	102	135	107	75.5600	79.2600
S1	Nutrisi Dan Teknologi Pakan	30	59	40	50.8500	67.8000
S1	Pendidikan Bahasa Inggris	58	102	70	56.8600	68.6300
S1	Pendidikan Bahasa Lampung	20	94	45	21.2800	47.8700
S1	Pendidikan Bahasa Perancis	28	44	29	63.6400	65.9100
S1	Pendidikan Bahasa Sastra Indonesia & Daerah	56	101	75	55.4500	74.2600
S1	Pendidikan Biologi	59	88	68	67.0500	77.2700
S1	Pendidikan Dokter	180	207	195	86.9600	94.2000
S1	Pendidikan Ekonomi	70	97	79	72.1600	81.4400
S1	Pendidikan Fisika	53	80	60	66.2500	75.0000
S1	Pendidikan Geografi	46	90	61	51.1100	67.7800
S1	Pendidikan Guru Sekolah Dasar	220	355	285	61.9700	80.2800
S1	Pendidikan Jasmani	43	105	61	40.9500	58.1000
S1	Pendidikan Kimia	34	84	42	40.4800	50.0000
S1	Pendidikan Matematika	52	96	66	54.1700	68.7500
S1	Pendidikan Musik	6	41	11	14.6300	26.8300
S1	Pendidikan Pancasila Dan Kewarganegaraan	46	88	63	52.2700	71.5900
S1	Pendidikan Sejarah	29	84	44	34.5200	52.3800
S1	Pendidikan Tari	41	56	45	73.2100	80.3600
S1	Pendidikan Teknologi Informasi	24	43	27	55.8100	62.7900
S1	Penyuluhan Pertanian	26	67	27	38.8100	40.3000
S1	Peternakan	35	77	42	45.4500	54.5500
S1	Pg Paud	36	66	47	54.5500	71.2100
S1	Proteksi Tanaman	20	40	25	50.0000	62.5000
S1	Sosiologi	24	120	67	20.0000	55.8300
S1	Sumberdaya Akuatik	16	37	16	43.2400	43.2400
S1	Teknik Elektro	43	138	85	31.1600	61.5900
S1	Teknik Geodesi	8	86	35	9.3000	40.7000
S1	Teknik Informatika	16	146	50	10.9600	34.2500
S1	Teknik Kimia	2	131	18	1.5300	13.7400
S1	Teknik Lingkungan	5	13	8	38.4600	61.5400
S1	Teknik Mesin	13	138	45	9.4200	32.6100
S1	Teknik Pertanian	28	85	42	32.9400	49.4100
S1	Teknik Sipil	39	147	79	26.5300	53.7400
S1	Teknologi Hasil Pertanian	53	87	66	60.9200	75.8600
S1	Teknologi Industri Pertanian	41	73	57	56.1600	78.0800
S2	Administrasi Pendidikan	15	17	16	88.2400	94.1200
S2	Agrobisnis	6	16	6	37.5000	37.5000
S2	Agronomi	6	19	14	31.5800	73.6800
S2	Biologi	2	8	4	25.0000	50.0000
S2	Fisika	2	2	2	100.0000	100.0000
S2	Ilmu Administrasi	2	14	8	14.2900	57.1400
S2	Ilmu Akuntansi	10	44	23	22.7300	52.2700
S2	Ilmu Ekonomi	3	14	6	21.4300	42.8600
S2	Ilmu Hukum	72	117	88	61.5400	75.2100
S2	Ilmu Komputer	5	12	5	41.6700	41.6700
S2	Ilmu Komunikasi	9	33	17	27.2700	51.5200
S2	Ilmu Lingkungan	1	14	6	7.1400	42.8600
S2	Ilmu Pemerintahan	5	18	7	27.7800	38.8900
S2	Ilmu Penyuluhan Pembangunan	1	4	1	25.0000	25.0000
S2	Keguruan Guru Sekolah Dasar	13	33	22	39.3900	66.6700
S2	Kehutanan	2	6	3	33.3300	50.0000
S2	Kesehatan Masyarakat	7	18	12	38.8900	66.6700
S2	Kimia	2	7	6	28.5700	85.7100
S2	Manajemen	15	63	36	23.8100	57.1400
S2	Manajemen Wilayah Pesisir Dan Laut	22	27	22	81.4800	81.4800
S2	Matematika	4	5	4	80.0000	80.0000
S2	Pendidikan Bahasa Dan Kebudayaan Lampung	9	10	9	90.0000	90.0000
S2	Pendidikan Bahasa Dan Sastra Indonesia	8	10	8	80.0000	80.0000
S2	Pendidikan Bahasa Inggris	19	27	21	70.3700	77.7800
S2	Pendidikan Fisika	6	9	8	66.6700	88.8900
S2	Pendidikan Ilmu Pengetahuan Alam	1	6	4	16.6700	66.6700
S2	Pendidikan Ips	2	8	6	25.0000	75.0000
S2	Pendidikan Matematika	11	33	19	33.3300	57.5800
S2	Penyuluhan Dan Komunikasi Pertanian	0	6	2	0.0000	33.3300
S2	Perencanaan Wilayah Dan Kota	0	16	0	0.0000	0.0000
S2	Teknik Elektro	0	13	3	0.0000	23.0800
S2	Teknik Mesin	1	9	8	11.1100	88.8900
S2	Teknik Sipil	8	25	9	32.0000	36.0000
S2	Teknologi Industri Pertanian	3	12	5	25.0000	41.6700
S2	Teknologi Pendidikan	7	14	11	50.0000	78.5700
S3	Ilmu Ekonomi	1	19	2	5.2600	10.5300
S3	Ilmu Hukum	2	18	9	11.1100	50.0000
S3	Ilmu Lingkungan	0	13	2	0.0000	15.3800
S3	Ilmu Pertanian	4	8	5	50.0000	62.5000
S3	Matematika Dan Ilmu Pengetahuan Alam S3	0	6	1	0.0000	16.6700
S3	Pendidikan	2	20	7	10.0000	35.0000
S3	Studi Pembangunan	0	10	5	0.0000	50.0000
